customer_id,renewal_status,renewal_date,contract_value_usd
C0001,Renewed,2026-07-06,322107
C0002,Pending,2026-11-03,306934
C0003,Renewed,2026-08-11,336177
C0004,Renewed,2026-10-05,104797
C0005,Pending,2026-08-03,378569
C0006,Renewed,2026-02-16,205232
C0007,Renewed,2026-12-13,77165
C0008,Pending,2026-05-16,176986
C0009,Renewed,2026-11-28,276703
C0010,Churned,2026-07-09,210852
C0011,Renewed,2026-03-23,23319
C0012,Churned,2026-07-04,245179
C0013,Renewed,2026-01-01,309411
C0014,Churned,2026-03-22,398930
C0015,Churned,2026-05-11,468521
C0016,Renewed,2026-05-02,110166
C0017,Renewed,2026-12-04,42922
C0018,Pending,2026-12-08,460919
C0019,Pending,2026-06-01,176616
C0020,Renewed,2026-05-07,387380
C0021,Renewed,2026-02-19,345464
C0022,Renewed,2026-05-08,359275
C0023,Renewed,2026-09-28,241534
C0024,Pending,2026-10-15,344344
C0025,Renewed,2026-05-15,327437
C0026,Renewed,2026-06-23,398627
C0027,Pending,2026-03-05,58981
C0028,Churned,2026-09-08,381298
C0029,Pending,2026-11-26,364107
C0030,Pending,2026-12-18,424825
C0031,Renewed,2026-10-06,395851
C0032,Renewed,2026-05-25,294547
C0033,Pending,2026-08-02,236189
C0034,Pending,2026-11-13,444904
C0035,Churned,2026-04-07,471702
C0036,Renewed,2026-03-19,319103
C0037,Churned,2026-07-12,59951
C0038,Pending,2026-10-02,96994
C0039,Pending,2026-08-23,294636
C0040,Churned,2026-05-14,154146
C0041,Renewed,2026-09-11,343730
C0042,Churned,2026-06-24,286452
C0043,Churned,2026-04-27,397353
C0044,Churned,2026-03-25,178107
C0045,Churned,2026-07-23,426145
C0046,Pending,2026-03-13,423420
C0047,Renewed,2026-01-24,276293
C0048,Pending,2026-07-16,75708
C0049,Churned,2026-10-25,98228
C0050,Pending,2026-05-07,462074
C0051,Churned,2026-06-24,205681
C0052,Renewed,2026-10-13,98485
C0053,Churned,2026-03-06,106241
C0054,Pending,2026-01-25,65726
C0055,Churned,2026-03-12,392382
C0056,Churned,2026-11-13,98081
C0057,Pending,2026-08-06,299653
C0058,Pending,2026-04-19,408710
C0059,Pending,2026-03-21,16664
C0060,Renewed,2026-03-26,95210
C0061,Renewed,2026-05-03,160718
C0062,Churned,2026-10-06,321438
C0063,Renewed,2026-01-20,378137
C0064,Churned,2026-07-13,99255
C0065,Churned,2026-08-02,80453
C0066,Pending,2026-07-01,147508
C0067,Pending,2026-01-19,199428
C0068,Pending,2026-04-06,44997
C0069,Pending,2026-05-21,30624
C0070,Renewed,2026-12-08,332187
C0071,Renewed,2026-01-24,408594
C0072,Renewed,2026-10-08,138770
C0073,Pending,2026-04-18,334632
C0074,Renewed,2026-03-06,166174
C0075,Pending,2026-02-03,320318
C0076,Renewed,2026-07-28,13035
C0077,Churned,2026-01-14,21150
C0078,Churned,2026-03-15,264727
C0079,Churned,2026-01-11,219701
C0080,Pending,2026-07-04,494163
C0081,Churned,2026-12-14,445658
C0082,Renewed,2026-08-14,466292
C0083,Renewed,2026-07-10,124498
C0084,Churned,2026-09-23,195591
C0085,Renewed,2026-01-19,180689
C0086,Renewed,2026-08-06,114797
C0087,Pending,2026-07-03,243147
C0088,Pending,2026-11-05,459519
C0089,Renewed,2026-11-04,117786
C0090,Renewed,2026-07-04,16517
C0091,Churned,2026-10-09,158433
C0092,Churned,2026-02-14,167113
C0093,Renewed,2026-04-23,61978
C0094,Pending,2026-06-09,481821
C0095,Pending,2026-02-24,113089
C0096,Pending,2026-03-15,256346
C0097,Churned,2026-07-17,199798
C0098,Pending,2026-07-25,26591
C0099,Pending,2026-12-07,424208
C0100,Pending,2026-10-10,104403
C0101,Churned,2026-01-27,155460
C0102,Pending,2026-02-16,181858
C0103,Pending,2026-02-17,298609
C0104,Pending,2026-01-03,448248
C0105,Pending,2026-10-20,306029
C0106,Renewed,2026-03-10,375603
C0107,Renewed,2026-01-06,160486
C0108,Churned,2026-04-15,171298
C0109,Pending,2026-05-03,412958
C0110,Pending,2026-03-08,150859
C0111,Pending,2026-07-25,185762
C0112,Renewed,2026-09-27,213801
C0113,Churned,2026-05-15,308987
C0114,Renewed,2026-03-12,468304
C0115,Pending,2026-09-12,400781
C0116,Renewed,2026-07-27,409017
C0117,Renewed,2026-07-18,307701
C0118,Renewed,2026-05-23,255162
C0119,Renewed,2026-04-17,237474
C0120,Churned,2026-12-09,43145
C0121,Churned,2026-01-01,322276
C0122,Pending,2026-04-17,468435
C0123,Pending,2026-11-11,262554
C0124,Churned,2026-05-06,57904
C0125,Pending,2026-12-09,132922
C0126,Pending,2026-10-20,18390
C0127,Renewed,2026-10-25,125539
C0128,Pending,2026-09-03,147284
C0129,Churned,2026-07-02,169763
C0130,Pending,2026-11-21,225254
C0131,Churned,2026-02-10,126459
C0132,Pending,2026-09-17,147323
C0133,Pending,2026-04-15,36858
C0134,Pending,2026-12-13,53177
C0135,Churned,2026-08-27,351744
C0136,Pending,2026-07-09,479813
C0137,Pending,2026-08-05,366220
C0138,Pending,2026-04-13,300168
C0139,Renewed,2026-06-22,165679
C0140,Churned,2026-02-17,205437
C0141,Churned,2026-12-20,309501
C0142,Renewed,2026-01-05,247403
C0143,Pending,2026-12-06,312443
C0144,Renewed,2026-01-25,281069
C0145,Pending,2026-06-02,375693
C0146,Pending,2026-11-27,449158
C0147,Churned,2026-07-01,162072
C0148,Renewed,2026-06-14,404735
C0149,Pending,2026-01-11,481557
C0150,Renewed,2026-04-23,140012
C0151,Pending,2026-05-14,320451
C0152,Churned,2026-04-07,24181
C0153,Pending,2026-08-21,240703
C0154,Churned,2026-04-01,438565
C0155,Pending,2026-08-23,424952
C0156,Renewed,2026-09-05,105963
C0157,Churned,2026-03-14,225121
C0158,Pending,2026-10-21,157434
C0159,Renewed,2026-10-01,414277
C0160,Churned,2026-08-17,349236
C0161,Churned,2026-07-11,124310
C0162,Churned,2026-06-22,323416
C0163,Renewed,2026-07-16,403965
C0164,Renewed,2026-10-14,117138
C0165,Pending,2026-11-27,98688
C0166,Churned,2026-09-23,333966
C0167,Churned,2026-08-13,22619
C0168,Churned,2026-06-26,344328
C0169,Pending,2026-01-28,361663
C0170,Churned,2026-05-19,82378
C0171,Renewed,2026-02-23,248766
C0172,Renewed,2026-05-21,459025
C0173,Churned,2026-07-25,377084
C0174,Renewed,2026-09-28,220487
C0175,Churned,2026-12-15,25592
C0176,Pending,2026-07-07,107946
C0177,Renewed,2026-02-13,410034
C0178,Renewed,2026-10-22,479926
C0179,Renewed,2026-08-07,434455
C0180,Churned,2026-10-06,411991
C0181,Churned,2026-10-03,362795
C0182,Churned,2026-09-06,267183
C0183,Renewed,2026-09-05,229508
C0184,Churned,2026-06-25,116993
C0185,Renewed,2026-08-03,249883
C0186,Churned,2026-01-18,231715
C0187,Pending,2026-10-09,99976
C0188,Pending,2026-10-10,92698
C0189,Renewed,2026-04-23,374619
C0190,Churned,2026-09-22,358582
C0191,Renewed,2026-02-22,414269
C0192,Renewed,2026-06-10,370231
C0193,Churned,2026-10-23,20107
C0194,Renewed,2026-05-12,416369
C0195,Churned,2026-10-14,245741
C0196,Renewed,2026-07-20,104179
C0197,Renewed,2026-10-11,439667
C0198,Churned,2026-08-07,11044
C0199,Pending,2026-05-20,288135
C0200,Renewed,2026-05-08,304341
C0201,Churned,2026-12-25,155718
C0202,Churned,2026-04-26,38470
C0203,Churned,2026-03-26,466951
C0204,Churned,2026-11-27,398172
C0205,Renewed,2026-08-24,292474
C0206,Renewed,2026-07-16,273191
C0207,Renewed,2026-07-21,207606
C0208,Churned,2026-05-22,126283
C0209,Churned,2026-02-11,472961
C0210,Churned,2026-09-19,462826
C0211,Renewed,2026-02-13,351044
C0212,Pending,2026-10-24,355070
C0213,Renewed,2026-11-17,58839
C0214,Pending,2026-01-07,245283
C0215,Renewed,2026-02-16,38520
C0216,Churned,2026-03-14,340726
C0217,Pending,2026-01-15,471287
C0218,Renewed,2026-04-01,279052
C0219,Churned,2026-09-02,281361
C0220,Churned,2026-02-15,93536
C0221,Pending,2026-03-17,96824
C0222,Churned,2026-07-18,101149
C0223,Churned,2026-05-27,166839
C0224,Churned,2026-06-25,25828
C0225,Churned,2026-01-15,87230
C0226,Churned,2026-09-22,313800
C0227,Pending,2026-10-06,346375
C0228,Churned,2026-08-21,154499
C0229,Renewed,2026-02-14,293030
C0230,Renewed,2026-07-19,369359
C0231,Renewed,2026-12-20,473763
C0232,Pending,2026-02-06,429330
C0233,Pending,2026-07-13,79432
C0234,Renewed,2026-09-02,288073
C0235,Renewed,2026-01-08,337627
C0236,Renewed,2026-08-02,343238
C0237,Renewed,2026-07-07,362593
C0238,Pending,2026-05-09,124474
C0239,Pending,2026-10-13,340413
C0240,Churned,2026-03-21,142687
C0241,Pending,2026-09-22,440608
C0242,Pending,2026-01-03,103660
C0243,Renewed,2026-12-24,164788
C0244,Churned,2026-11-05,166372
C0245,Renewed,2026-11-12,122695
C0246,Pending,2026-10-01,317005
C0247,Renewed,2026-03-08,250401
C0248,Pending,2026-04-01,105755
C0249,Churned,2026-05-19,246636
C0250,Pending,2026-12-02,141032
C0251,Churned,2026-07-21,409006
C0252,Pending,2026-01-05,491448
C0253,Pending,2026-04-13,176852
C0254,Renewed,2026-12-10,32035
C0255,Pending,2026-06-08,376163
C0256,Pending,2026-05-17,405260
C0257,Renewed,2026-12-18,437374
C0258,Pending,2026-06-25,155952
C0259,Churned,2026-01-08,468072
C0260,Pending,2026-12-09,450611
C0261,Churned,2026-09-05,72315
C0262,Pending,2026-12-19,246857
C0263,Pending,2026-04-17,203692
C0264,Pending,2026-12-13,225542
C0265,Renewed,2026-04-05,131016
C0266,Pending,2026-01-13,221409
C0267,Pending,2026-10-25,337642
C0268,Churned,2026-07-10,316869
C0269,Renewed,2026-03-12,314861
C0270,Pending,2026-10-27,264070
C0271,Churned,2026-03-05,402426
C0272,Renewed,2026-05-06,327106
C0273,Churned,2026-07-06,96919
C0274,Pending,2026-10-20,77533
C0275,Renewed,2026-07-14,218747
C0276,Renewed,2026-08-19,315873
C0277,Pending,2026-03-07,477948
C0278,Pending,2026-07-20,319334
C0279,Churned,2026-11-27,90908
C0280,Churned,2026-12-20,424777
C0281,Churned,2026-09-08,122898
C0282,Pending,2026-09-24,260326
C0283,Pending,2026-09-17,253265
C0284,Churned,2026-08-15,330295
C0285,Renewed,2026-06-25,237450
C0286,Renewed,2026-05-04,139530
C0287,Pending,2026-09-06,35614
C0288,Churned,2026-05-20,436297
C0289,Renewed,2026-02-11,114932
C0290,Churned,2026-09-24,109404
C0291,Churned,2026-02-05,76088
C0292,Pending,2026-01-01,12316
C0293,Renewed,2026-05-10,36041
C0294,Churned,2026-11-23,254533
C0295,Pending,2026-03-27,333454
C0296,Churned,2026-12-03,425450
C0297,Pending,2026-12-21,356729
C0298,Renewed,2026-01-28,159025
C0299,Churned,2026-10-03,124151
C0300,Pending,2026-02-01,117020
C0301,Churned,2026-10-16,178504
C0302,Renewed,2026-11-27,294984
C0303,Pending,2026-03-02,320083
C0304,Churned,2026-09-14,347865
C0305,Pending,2026-11-13,165777
C0306,Renewed,2026-12-26,359767
C0307,Churned,2026-03-10,486363
C0308,Renewed,2026-06-20,381940
C0309,Churned,2026-03-02,281890
C0310,Renewed,2026-04-11,446024
C0311,Renewed,2026-01-19,498892
C0312,Pending,2026-07-14,329098
C0313,Renewed,2026-10-09,302919
C0314,Churned,2026-07-05,489919
C0315,Churned,2026-09-27,27802
C0316,Churned,2026-06-13,289942
C0317,Renewed,2026-01-03,258438
C0318,Churned,2026-06-08,339225
C0319,Renewed,2026-08-20,224167
C0320,Pending,2026-02-17,235765
C0321,Churned,2026-06-16,90182
C0322,Churned,2026-12-21,414353
C0323,Pending,2026-01-10,139975
C0324,Pending,2026-08-09,73185
C0325,Churned,2026-03-11,128247
C0326,Renewed,2026-11-07,262791
C0327,Churned,2026-10-11,455865
C0328,Pending,2026-02-01,37173
C0329,Pending,2026-08-16,112996
C0330,Churned,2026-03-03,270219
C0331,Pending,2026-01-08,229699
C0332,Renewed,2026-10-25,357729
C0333,Renewed,2026-01-05,374385
C0334,Pending,2026-10-24,448213
C0335,Churned,2026-10-24,47215
C0336,Churned,2026-04-17,263901
C0337,Renewed,2026-04-15,31136
C0338,Renewed,2026-05-24,106389
C0339,Pending,2026-05-09,453877
C0340,Pending,2026-05-18,329256
C0341,Renewed,2026-05-16,236100
C0342,Renewed,2026-08-24,290255
C0343,Pending,2026-03-25,128223
C0344,Pending,2026-02-01,372717
C0345,Pending,2026-07-11,49959
C0346,Churned,2026-02-26,257053
C0347,Churned,2026-01-23,302218
C0348,Pending,2026-02-16,374420
C0349,Renewed,2026-11-06,462920
C0350,Churned,2026-10-12,51134
C0351,Pending,2026-06-13,110970
C0352,Pending,2026-01-20,436740
C0353,Renewed,2026-09-26,195607
C0354,Churned,2026-01-12,191569
C0355,Churned,2026-12-03,392163
C0356,Churned,2026-02-11,479341
C0357,Pending,2026-05-09,386603
C0358,Churned,2026-07-22,201755
C0359,Renewed,2026-10-22,71327
C0360,Pending,2026-01-21,267895
C0361,Pending,2026-01-02,159451
C0362,Renewed,2026-10-08,477801
C0363,Renewed,2026-12-10,177212
C0364,Pending,2026-02-18,154856
C0365,Renewed,2026-04-20,493980
C0366,Churned,2026-09-05,103433
C0367,Renewed,2026-09-01,367025
C0368,Renewed,2026-10-13,216389
C0369,Renewed,2026-12-24,30922
C0370,Renewed,2026-09-12,489901
C0371,Churned,2026-09-13,368871
C0372,Pending,2026-11-23,399935
C0373,Renewed,2026-11-15,290063
C0374,Churned,2026-01-05,215385
C0375,Pending,2026-03-20,375855
C0376,Pending,2026-02-13,158103
C0377,Churned,2026-07-23,324736
C0378,Renewed,2026-04-24,134114
C0379,Pending,2026-12-14,79285
C0380,Renewed,2026-01-07,327142
C0381,Pending,2026-05-09,455647
C0382,Renewed,2026-09-17,481860
C0383,Renewed,2026-07-16,32319
C0384,Churned,2026-12-20,302756
C0385,Pending,2026-01-20,98178
C0386,Renewed,2026-11-23,71595
C0387,Churned,2026-12-20,58578
C0388,Churned,2026-12-27,373203
C0389,Churned,2026-05-28,126579
C0390,Renewed,2026-02-07,366908
C0391,Renewed,2026-07-13,62565
C0392,Renewed,2026-06-18,154534
C0393,Churned,2026-06-18,34665
C0394,Pending,2026-03-26,219369
C0395,Renewed,2026-03-22,72550
C0396,Renewed,2026-10-21,221433
C0397,Renewed,2026-05-15,428759
C0398,Churned,2026-11-06,86934
C0399,Renewed,2026-06-08,324897
C0400,Pending,2026-11-01,259586
C0401,Pending,2026-05-12,382856
C0402,Pending,2026-05-16,390847
C0403,Churned,2026-01-28,288828
C0404,Churned,2026-11-25,82135
C0405,Churned,2026-04-03,242675
C0406,Renewed,2026-05-13,401065
C0407,Renewed,2026-10-19,187711
C0408,Churned,2026-04-19,152763
C0409,Pending,2026-08-26,213154
C0410,Pending,2026-03-28,223618
C0411,Renewed,2026-04-11,378638
C0412,Churned,2026-07-01,200474
C0413,Renewed,2026-01-05,402712
C0414,Pending,2026-02-24,290295
C0415,Pending,2026-01-05,206068
C0416,Pending,2026-09-15,13113
C0417,Renewed,2026-07-17,220388
C0418,Renewed,2026-06-27,37175
C0419,Pending,2026-04-02,217736
C0420,Pending,2026-04-14,444757
C0421,Renewed,2026-06-02,77772
C0422,Churned,2026-09-21,55995
C0423,Churned,2026-11-14,149451
C0424,Renewed,2026-10-18,318159
C0425,Renewed,2026-01-28,123432
C0426,Churned,2026-01-19,72005
C0427,Renewed,2026-01-26,398382
C0428,Renewed,2026-11-01,85058
C0429,Pending,2026-03-01,328929
C0430,Pending,2026-06-06,371003
C0431,Renewed,2026-08-25,204525
C0432,Churned,2026-08-23,323238
C0433,Pending,2026-04-28,68779
C0434,Churned,2026-11-27,107870
C0435,Pending,2026-01-02,336778
C0436,Churned,2026-09-14,32543
C0437,Renewed,2026-08-12,490893
C0438,Pending,2026-05-22,178653
C0439,Pending,2026-05-21,319610
C0440,Renewed,2026-01-11,159857
C0441,Churned,2026-09-20,157595
C0442,Churned,2026-05-11,128032
C0443,Churned,2026-02-04,302258
C0444,Renewed,2026-11-18,73321
C0445,Churned,2026-09-20,214099
C0446,Pending,2026-11-12,287554
C0447,Renewed,2026-05-27,453163
C0448,Pending,2026-06-13,222936
C0449,Renewed,2026-03-20,426390
C0450,Churned,2026-06-05,74669
C0451,Pending,2026-10-16,37437
C0452,Pending,2026-12-14,209169
C0453,Renewed,2026-04-26,224113
C0454,Renewed,2026-07-27,83159
C0455,Pending,2026-09-14,25982
C0456,Pending,2026-01-10,245357
C0457,Churned,2026-03-25,231039
C0458,Pending,2026-01-05,113148
C0459,Pending,2026-02-12,274224
C0460,Pending,2026-01-03,206324
C0461,Renewed,2026-11-01,45573
C0462,Pending,2026-04-22,390546
C0463,Churned,2026-02-14,270597
C0464,Renewed,2026-06-14,38295
C0465,Pending,2026-09-15,309935
C0466,Renewed,2026-06-05,103974
C0467,Pending,2026-05-03,119675
C0468,Renewed,2026-10-11,171266
C0469,Pending,2026-10-09,39682
C0470,Churned,2026-07-09,393738
C0471,Churned,2026-06-07,60894
C0472,Churned,2026-06-23,491244
C0473,Pending,2026-10-02,177414
C0474,Churned,2026-08-04,310243
C0475,Churned,2026-02-25,347109
C0476,Churned,2026-11-19,288668
C0477,Pending,2026-07-24,167466
C0478,Churned,2026-07-19,122621
C0479,Pending,2026-06-13,474086
C0480,Renewed,2026-09-08,112135
C0481,Pending,2026-12-20,269468
C0482,Pending,2026-11-22,303373
C0483,Pending,2026-07-18,13625
C0484,Pending,2026-11-15,35782
C0485,Renewed,2026-04-24,373889
C0486,Pending,2026-08-26,393273
C0487,Renewed,2026-09-09,138115
C0488,Renewed,2026-11-04,305521
C0489,Renewed,2026-03-01,326392
C0490,Pending,2026-07-16,136822
C0491,Renewed,2026-04-28,438542
C0492,Renewed,2026-12-23,326514
C0493,Churned,2026-08-07,422160
C0494,Churned,2026-03-07,306496
C0495,Pending,2026-05-09,30928
C0496,Renewed,2026-09-05,178904
C0497,Renewed,2026-03-27,216980
C0498,Pending,2026-07-20,460607
C0499,Churned,2026-11-06,145416
C0500,Renewed,2026-08-16,491530
C0501,Renewed,2026-10-23,93599
C0502,Renewed,2026-12-18,464802
C0503,Pending,2026-11-05,34502
C0504,Renewed,2026-04-22,105609
C0505,Renewed,2026-10-04,141786
C0506,Churned,2026-01-03,231920
C0507,Churned,2026-04-08,409059
C0508,Renewed,2026-09-09,163792
C0509,Renewed,2026-04-10,269335
C0510,Churned,2026-02-20,319848
C0511,Churned,2026-03-20,14767
C0512,Churned,2026-08-11,439852
C0513,Pending,2026-02-11,451839
C0514,Pending,2026-12-11,76499
C0515,Pending,2026-01-15,179663
C0516,Pending,2026-10-23,329475
C0517,Churned,2026-02-07,298942
C0518,Renewed,2026-02-01,11981
C0519,Churned,2026-07-26,159079
C0520,Renewed,2026-04-22,91120
C0521,Renewed,2026-07-21,389954
C0522,Renewed,2026-03-16,245615
C0523,Pending,2026-08-07,116824
C0524,Renewed,2026-07-24,275411
C0525,Churned,2026-01-13,220663
C0526,Pending,2026-12-16,24825
C0527,Pending,2026-01-07,302820
C0528,Pending,2026-01-08,208417
C0529,Renewed,2026-06-20,174202
C0530,Renewed,2026-10-17,427411
C0531,Pending,2026-03-21,160818
C0532,Renewed,2026-12-27,29709
C0533,Churned,2026-08-26,381227
C0534,Pending,2026-12-02,79350
C0535,Pending,2026-05-01,364102
C0536,Churned,2026-07-16,419731
C0537,Pending,2026-09-06,234409
C0538,Pending,2026-07-05,204642
C0539,Churned,2026-01-27,495462
C0540,Pending,2026-03-01,451854
C0541,Renewed,2026-04-23,222251
C0542,Renewed,2026-09-22,197081
C0543,Churned,2026-07-26,147558
C0544,Pending,2026-12-03,158229
C0545,Churned,2026-08-09,175182
C0546,Churned,2026-08-21,317336
C0547,Renewed,2026-02-17,495129
C0548,Renewed,2026-10-23,413740
C0549,Churned,2026-11-16,402461
C0550,Churned,2026-09-23,155645
C0551,Churned,2026-02-09,323913
C0552,Churned,2026-09-14,28025
C0553,Churned,2026-12-20,475957
C0554,Pending,2026-06-01,464439
C0555,Pending,2026-10-23,429658
C0556,Churned,2026-04-05,441775
C0557,Pending,2026-07-10,123496
C0558,Renewed,2026-03-24,126618
C0559,Churned,2026-05-13,63178
C0560,Renewed,2026-02-06,386753
C0561,Churned,2026-10-23,499978
C0562,Churned,2026-11-03,356309
C0563,Renewed,2026-06-20,161160
C0564,Churned,2026-06-08,141846
C0565,Renewed,2026-01-23,48395
C0566,Renewed,2026-11-15,239081
C0567,Churned,2026-12-06,82074
C0568,Renewed,2026-10-17,378678
C0569,Pending,2026-08-10,100505
C0570,Churned,2026-03-11,218504
C0571,Churned,2026-08-24,274249
C0572,Churned,2026-08-03,454200
C0573,Churned,2026-09-17,84104
C0574,Renewed,2026-04-15,285701
C0575,Churned,2026-09-21,263272
C0576,Renewed,2026-06-22,296604
C0577,Pending,2026-02-13,283760
C0578,Renewed,2026-07-23,50388
C0579,Churned,2026-04-23,389236
C0580,Pending,2026-10-21,204027
C0581,Pending,2026-05-15,401954
C0582,Churned,2026-10-18,466046
C0583,Pending,2026-07-01,404808
C0584,Churned,2026-06-17,234595
C0585,Churned,2026-08-20,151211
C0586,Churned,2026-07-07,473257
C0587,Churned,2026-09-08,11943
C0588,Churned,2026-08-05,115555
C0589,Pending,2026-02-02,450092
C0590,Churned,2026-01-19,471403
C0591,Renewed,2026-07-03,211426
C0592,Pending,2026-03-01,61881
C0593,Pending,2026-06-12,482314
C0594,Pending,2026-12-15,368814
C0595,Churned,2026-07-09,183300
C0596,Pending,2026-11-17,218979
C0597,Pending,2026-06-25,407750
C0598,Pending,2026-08-12,62363
C0599,Renewed,2026-05-16,235943
C0600,Pending,2026-01-01,37421
C0601,Pending,2026-09-15,186988
C0602,Churned,2026-07-26,288373
C0603,Renewed,2026-05-22,40141
C0604,Pending,2026-02-14,210600
C0605,Pending,2026-05-11,65842
C0606,Renewed,2026-03-09,461713
C0607,Pending,2026-05-03,413617
C0608,Churned,2026-10-20,257626
C0609,Pending,2026-01-05,430308
C0610,Renewed,2026-04-17,223141
C0611,Churned,2026-07-01,278728
C0612,Renewed,2026-06-27,256390
C0613,Renewed,2026-12-03,247311
C0614,Renewed,2026-04-14,111704
C0615,Renewed,2026-10-10,434615
C0616,Pending,2026-03-07,278799
C0617,Churned,2026-07-02,100889
C0618,Renewed,2026-12-11,393423
C0619,Renewed,2026-09-20,395815
C0620,Churned,2026-04-01,329141
C0621,Pending,2026-12-03,121458
C0622,Pending,2026-11-19,16352
C0623,Churned,2026-07-21,44714
C0624,Churned,2026-08-20,264170
C0625,Churned,2026-08-05,450768
C0626,Pending,2026-06-05,301104
C0627,Pending,2026-02-07,200095
C0628,Pending,2026-10-09,286104
C0629,Renewed,2026-05-11,489394
C0630,Renewed,2026-08-07,195565
C0631,Pending,2026-12-16,166843
C0632,Churned,2026-01-19,178751
C0633,Pending,2026-11-21,126796
C0634,Churned,2026-05-22,19876
C0635,Pending,2026-10-27,339219
C0636,Churned,2026-01-05,354908
C0637,Pending,2026-01-06,386033
C0638,Churned,2026-05-09,87143
C0639,Churned,2026-01-26,132299
C0640,Renewed,2026-06-17,324816
C0641,Renewed,2026-06-17,156992
C0642,Churned,2026-01-15,110249
C0643,Pending,2026-03-02,129200
C0644,Renewed,2026-10-24,240696
C0645,Churned,2026-08-16,159790
C0646,Churned,2026-07-15,200093
C0647,Churned,2026-06-04,354093
C0648,Pending,2026-02-17,481520
C0649,Pending,2026-12-09,486605
C0650,Churned,2026-09-24,93344
C0651,Renewed,2026-01-17,283669
C0652,Churned,2026-03-27,327914
C0653,Pending,2026-11-17,468118
C0654,Pending,2026-12-17,432566
C0655,Pending,2026-02-19,230350
C0656,Renewed,2026-04-21,411842
C0657,Renewed,2026-03-14,26320
C0658,Churned,2026-11-12,388835
C0659,Churned,2026-07-23,336479
C0660,Pending,2026-03-15,230195
C0661,Pending,2026-05-17,119988
C0662,Renewed,2026-08-07,376893
C0663,Renewed,2026-07-13,105312
C0664,Churned,2026-04-22,346719
C0665,Churned,2026-02-12,58377
C0666,Churned,2026-02-15,293578
C0667,Churned,2026-03-10,418388
C0668,Renewed,2026-07-27,199694
C0669,Pending,2026-10-10,227222
C0670,Churned,2026-09-19,448291
C0671,Renewed,2026-07-05,133504
C0672,Renewed,2026-08-24,85713
C0673,Renewed,2026-11-16,72414
C0674,Pending,2026-10-17,313705
C0675,Renewed,2026-03-06,129537
C0676,Pending,2026-11-27,310526
C0677,Renewed,2026-01-23,436010
C0678,Pending,2026-06-27,152990
C0679,Churned,2026-09-21,344371
C0680,Pending,2026-01-22,475867
C0681,Churned,2026-05-26,254326
C0682,Pending,2026-10-11,378714
C0683,Pending,2026-02-21,424744
C0684,Pending,2026-07-16,174605
C0685,Pending,2026-04-19,285162
C0686,Renewed,2026-09-18,337320
C0687,Churned,2026-01-27,247205
C0688,Churned,2026-04-15,279582
C0689,Renewed,2026-06-19,43974
C0690,Pending,2026-08-20,40449
C0691,Churned,2026-10-10,203773
C0692,Churned,2026-10-25,383401
C0693,Churned,2026-07-06,222329
C0694,Churned,2026-04-17,148188
C0695,Churned,2026-09-15,225495
C0696,Renewed,2026-09-01,461540
C0697,Renewed,2026-01-22,261126
C0698,Pending,2026-02-05,134673
C0699,Churned,2026-07-22,67029
C0700,Renewed,2026-02-21,422274
C0701,Churned,2026-10-01,341368
C0702,Pending,2026-12-03,296880
C0703,Churned,2026-02-05,496748
C0704,Churned,2026-11-26,293126
C0705,Churned,2026-11-13,454247
C0706,Churned,2026-02-17,412137
C0707,Renewed,2026-01-21,443858
C0708,Pending,2026-01-13,213436
C0709,Churned,2026-10-02,467743
C0710,Renewed,2026-01-15,317304
C0711,Renewed,2026-04-16,418596
C0712,Renewed,2026-10-18,85486
C0713,Pending,2026-09-20,478433
C0714,Renewed,2026-04-09,484632
C0715,Churned,2026-09-22,497428
C0716,Pending,2026-11-10,328490
C0717,Pending,2026-01-08,384262
C0718,Pending,2026-01-14,267336
C0719,Pending,2026-08-17,332009
C0720,Pending,2026-09-26,392523
C0721,Renewed,2026-04-11,195762
C0722,Churned,2026-08-01,429622
C0723,Pending,2026-08-08,397834
C0724,Renewed,2026-03-27,432257
C0725,Churned,2026-04-04,179295
C0726,Pending,2026-06-21,32391
C0727,Churned,2026-06-15,364481
C0728,Renewed,2026-06-05,347488
C0729,Renewed,2026-09-16,333940
C0730,Churned,2026-11-24,126729
C0731,Churned,2026-05-23,441052
C0732,Pending,2026-05-02,173147
C0733,Pending,2026-09-18,119700
C0734,Renewed,2026-02-10,43497
C0735,Pending,2026-08-02,351521
C0736,Churned,2026-02-25,89893
C0737,Renewed,2026-11-26,179189
C0738,Renewed,2026-04-13,290889
C0739,Pending,2026-02-11,339140
C0740,Pending,2026-09-20,49136
C0741,Churned,2026-01-19,344951
C0742,Pending,2026-08-20,244046
C0743,Churned,2026-01-28,472673
C0744,Renewed,2026-04-21,168624
C0745,Churned,2026-05-12,233531
C0746,Churned,2026-05-09,226013
C0747,Pending,2026-10-26,163849
C0748,Renewed,2026-04-27,414829
C0749,Pending,2026-12-28,234014
C0750,Pending,2026-01-03,236495
C0751,Renewed,2026-03-20,177404
C0752,Pending,2026-04-25,271414
C0753,Churned,2026-11-07,465398
C0754,Renewed,2026-06-19,271210
C0755,Pending,2026-08-23,490770
C0756,Renewed,2026-10-23,360937
C0757,Renewed,2026-11-15,132432
C0758,Renewed,2026-09-13,303370
C0759,Churned,2026-04-23,29789
C0760,Renewed,2026-10-27,56519
C0761,Pending,2026-09-12,493271
C0762,Churned,2026-11-10,346872
C0763,Renewed,2026-04-08,101776
C0764,Pending,2026-02-13,458023
C0765,Churned,2026-06-03,298353
C0766,Pending,2026-11-24,143320
C0767,Churned,2026-04-19,236943
C0768,Pending,2026-01-15,487302
C0769,Renewed,2026-05-10,426656
C0770,Pending,2026-08-23,143487
C0771,Pending,2026-03-24,74137
C0772,Pending,2026-12-21,310051
C0773,Pending,2026-09-10,350945
C0774,Renewed,2026-11-16,150370
C0775,Churned,2026-10-04,232662
C0776,Renewed,2026-08-01,186512
C0777,Renewed,2026-03-06,50329
C0778,Churned,2026-11-04,222068
C0779,Churned,2026-09-03,348443
C0780,Pending,2026-02-08,423000
C0781,Pending,2026-05-22,261402
C0782,Pending,2026-12-02,379745
C0783,Churned,2026-05-27,304887
C0784,Renewed,2026-12-16,435124
C0785,Pending,2026-05-01,395846
C0786,Renewed,2026-10-26,386945
C0787,Renewed,2026-09-13,161317
C0788,Churned,2026-11-08,115529
C0789,Renewed,2026-03-14,457082
C0790,Churned,2026-06-24,25503
C0791,Churned,2026-12-21,316783
C0792,Pending,2026-12-27,108128
C0793,Renewed,2026-09-07,227902
C0794,Pending,2026-08-15,74547
C0795,Churned,2026-12-13,227835
C0796,Pending,2026-07-03,10784
C0797,Renewed,2026-06-24,216651
C0798,Renewed,2026-05-06,435358
C0799,Renewed,2026-03-26,455136
C0800,Renewed,2026-03-22,376450
C0801,Renewed,2026-05-20,318482
C0802,Churned,2026-01-03,481672
C0803,Renewed,2026-12-15,231971
C0804,Churned,2026-04-14,265969
C0805,Pending,2026-10-24,18464
C0806,Renewed,2026-08-28,247156
C0807,Churned,2026-02-11,88496
C0808,Churned,2026-05-09,436902
C0809,Pending,2026-02-09,164017
C0810,Renewed,2026-10-06,120776
C0811,Renewed,2026-06-03,250082
C0812,Pending,2026-07-12,237688
C0813,Pending,2026-03-28,434151
C0814,Pending,2026-01-04,298141
C0815,Pending,2026-04-16,404059
C0816,Renewed,2026-07-07,44856
C0817,Churned,2026-10-26,403445
C0818,Pending,2026-12-21,209959
C0819,Churned,2026-11-11,196654
C0820,Churned,2026-03-21,105791
C0821,Pending,2026-11-15,206937
C0822,Pending,2026-02-10,328691
C0823,Renewed,2026-01-07,496169
C0824,Churned,2026-06-01,103795
C0825,Churned,2026-06-11,43316
C0826,Churned,2026-12-07,446073
C0827,Pending,2026-05-22,144122
C0828,Churned,2026-07-16,83757
C0829,Renewed,2026-09-18,129901
C0830,Churned,2026-01-10,255797
C0831,Renewed,2026-04-03,142482
C0832,Pending,2026-05-13,393367
C0833,Churned,2026-12-03,205974
C0834,Churned,2026-08-10,314223
C0835,Renewed,2026-03-12,58651
C0836,Renewed,2026-05-23,419818
C0837,Churned,2026-08-17,281087
C0838,Pending,2026-10-27,176102
C0839,Renewed,2026-02-05,468672
C0840,Churned,2026-01-10,17321
C0841,Churned,2026-06-10,137852
C0842,Pending,2026-08-21,238299
C0843,Pending,2026-02-17,111879
C0844,Renewed,2026-12-17,431732
C0845,Pending,2026-09-02,41339
C0846,Renewed,2026-12-23,290973
C0847,Pending,2026-04-03,173588
C0848,Renewed,2026-10-03,180169
C0849,Renewed,2026-02-09,129978
C0850,Pending,2026-08-18,226296
C0851,Renewed,2026-11-04,429528
C0852,Renewed,2026-08-26,297573
C0853,Renewed,2026-09-15,61022
C0854,Renewed,2026-10-22,222540
C0855,Churned,2026-09-11,231902
C0856,Pending,2026-03-11,408975
C0857,Pending,2026-01-14,346757
C0858,Churned,2026-11-27,11205
C0859,Renewed,2026-07-27,313136
C0860,Churned,2026-04-08,494703
C0861,Churned,2026-02-12,148033
C0862,Renewed,2026-12-24,112852
C0863,Renewed,2026-07-02,37679
C0864,Renewed,2026-04-02,107003
C0865,Churned,2026-07-28,185762
C0866,Churned,2026-12-11,487077
C0867,Churned,2026-01-22,181149
C0868,Renewed,2026-03-10,398445
C0869,Renewed,2026-02-10,423275
C0870,Renewed,2026-01-13,224359
C0871,Pending,2026-01-04,175170
C0872,Renewed,2026-05-11,397205
C0873,Churned,2026-10-05,20010
C0874,Renewed,2026-07-14,478103
C0875,Renewed,2026-04-28,398071
C0876,Churned,2026-03-05,81137
C0877,Renewed,2026-05-02,26518
C0878,Pending,2026-04-28,317812
C0879,Renewed,2026-03-22,102327
C0880,Renewed,2026-06-13,83315
C0881,Churned,2026-01-04,357736
C0882,Churned,2026-10-25,34304
C0883,Renewed,2026-02-25,118912
C0884,Pending,2026-09-10,119615
C0885,Renewed,2026-10-04,110895
C0886,Renewed,2026-11-06,200640
C0887,Renewed,2026-09-13,71207
C0888,Renewed,2026-03-08,394270
C0889,Churned,2026-05-11,446419
C0890,Pending,2026-11-10,184722
C0891,Renewed,2026-04-10,107344
C0892,Churned,2026-07-10,415020
C0893,Pending,2026-10-15,234498
C0894,Renewed,2026-03-09,316000
C0895,Churned,2026-07-14,111358
C0896,Pending,2026-03-24,38578
C0897,Churned,2026-10-12,139770
C0898,Pending,2026-08-21,361283
C0899,Pending,2026-11-28,440411
C0900,Renewed,2026-05-22,310337
C0901,Churned,2026-11-21,199017
C0902,Renewed,2026-10-16,445356
C0903,Renewed,2026-06-13,447696
C0904,Renewed,2026-06-23,103094
C0905,Pending,2026-07-12,436809
C0906,Pending,2026-10-28,44779
C0907,Pending,2026-08-25,480404
C0908,Pending,2026-03-12,422894
C0909,Renewed,2026-11-17,41760
C0910,Churned,2026-07-14,167363
C0911,Renewed,2026-05-16,420389
C0912,Pending,2026-04-08,221980
C0913,Churned,2026-12-12,93494
C0914,Pending,2026-08-25,151974
C0915,Pending,2026-07-24,176608
C0916,Churned,2026-04-11,119250
C0917,Churned,2026-10-23,371444
C0918,Churned,2026-07-05,409449
C0919,Churned,2026-10-18,475686
C0920,Pending,2026-12-08,90790
C0921,Pending,2026-04-23,405826
C0922,Pending,2026-08-19,89028
C0923,Pending,2026-02-11,258942
C0924,Renewed,2026-03-21,249949
C0925,Churned,2026-12-14,113030
C0926,Churned,2026-11-18,498227
C0927,Renewed,2026-06-09,121412
C0928,Churned,2026-05-14,297587
C0929,Pending,2026-09-24,235006
C0930,Renewed,2026-11-19,23701
C0931,Pending,2026-02-13,393112
C0932,Churned,2026-03-10,306488
C0933,Pending,2026-10-21,133922
C0934,Churned,2026-10-25,476311
C0935,Churned,2026-11-03,227726
C0936,Renewed,2026-06-28,127756
C0937,Churned,2026-09-03,63218
C0938,Pending,2026-09-21,113145
C0939,Churned,2026-08-03,25323
C0940,Renewed,2026-01-16,432787
C0941,Renewed,2026-08-05,208988
C0942,Renewed,2026-08-23,97056
C0943,Renewed,2026-02-09,291178
C0944,Churned,2026-07-27,262692
C0945,Churned,2026-12-01,301468
C0946,Renewed,2026-07-24,154230
C0947,Churned,2026-04-04,79108
C0948,Renewed,2026-05-13,420912
C0949,Renewed,2026-10-25,166159
C0950,Pending,2026-07-06,179510
C0951,Churned,2026-05-27,85576
C0952,Churned,2026-10-27,341787
C0953,Renewed,2026-07-27,378328
C0954,Pending,2026-06-25,222577
C0955,Renewed,2026-04-20,67086
C0956,Pending,2026-03-24,497979
C0957,Churned,2026-10-21,481480
C0958,Pending,2026-01-07,217309
C0959,Churned,2026-05-17,453799
C0960,Churned,2026-02-22,67586
C0961,Renewed,2026-11-14,378320
C0962,Pending,2026-12-10,307353
C0963,Pending,2026-02-20,224957
C0964,Pending,2026-11-01,225846
C0965,Churned,2026-09-08,124531
C0966,Pending,2026-04-20,68163
C0967,Renewed,2026-02-13,66327
C0968,Renewed,2026-06-26,415461
C0969,Churned,2026-01-04,220424
C0970,Churned,2026-04-19,325428
C0971,Pending,2026-12-19,27766
C0972,Renewed,2026-04-08,131437
C0973,Pending,2026-05-07,259685
C0974,Churned,2026-07-27,262723
C0975,Churned,2026-04-22,153461
C0976,Churned,2026-02-10,33902
C0977,Churned,2026-09-26,372469
C0978,Pending,2026-02-24,42545
C0979,Renewed,2026-07-16,324832
C0980,Renewed,2026-01-03,141620
C0981,Churned,2026-02-04,219954
C0982,Renewed,2026-05-19,353121
C0983,Churned,2026-10-22,354821
C0984,Renewed,2026-01-02,454816
C0985,Pending,2026-11-06,478520
C0986,Renewed,2026-03-17,304556
C0987,Pending,2026-07-04,221916
C0988,Churned,2026-01-24,47934
C0989,Churned,2026-10-02,139209
C0990,Pending,2026-03-04,453354
C0991,Renewed,2026-05-17,479404
C0992,Churned,2026-06-10,300202
C0993,Pending,2026-03-02,119853
C0994,Pending,2026-04-03,233067
C0995,Renewed,2026-12-16,306471
C0996,Churned,2026-02-16,449003
C0997,Churned,2026-02-07,492754
C0998,Churned,2026-07-02,51857
C0999,Pending,2026-08-04,458377
C1000,Churned,2026-02-26,269791
